"CostCenterCode","LocationCode","CDSCode","School","ï»¿SchoolYear","EnglishLearners","Reclassified","ReclassificationRate"
"1283601","2836","19647336016364","Carson Street Elementary","2017-2018","58","16","0.275862"
"1281501","2815","19647336016349","Caroldale Learning Community","2017-2018","109","13","0.119266"
"1268501","2685","19647336016224","Cabrillo Avenue Elementary","2017-2018","117","23","0.196581"
"1253001","2530","19647336016117","Broadacres Avenue Elementary","2017-2018","19","3","0.157895"
"1252701","2527","19647336016109","Broad Avenue Elementary","2017-2018","118","22","0.186441"
"1247301","2473","19647336016042","Bonita Street Elementary","2017-2018","82","18","0.219512"
"1231501","2315","19647336015952","Barton Hill Elementary","2017-2018","213","44","0.206573"
"1289001","2890","19647336016406","Catskill Avenue Elementary","2017-2018","190","38","0.2"
"1230101","2301","19647330111955","George de la Torre Jr Elementary","2017-2018","340","48","0.141176"
"1346601","3466","19647336016794","Dominguez Elementary","2017-2018","119","37","0.310924"
"1231301","2313","19647330126433","Dr Lawrence H Moore Math Science Technology Academy","2017-2018","372","76","0.204301"
"1298601","2986","19647336016430","Chapman Elementary","2017-2018","90","27","0.3"
"1401401","4014","19647336017180","Fries Avenue Elementary","2017-2018","254","44","0.173228"
"1320501","3205","19647336016612","Compton Avenue Elementary","2017-2018","174","33","0.189655"
"1330201","3302","19647336016661","Crestwood Street Elementary","2017-2018","18","4","0.222222"
"1338401","3384","19647336016737","Del Amo Elementary","2017-2018","56","7","0.125"
"1345201","3452","19647336016786","Dolores Street Elementary","2017-2018","56","12","0.214286"
"1364001","3640","19647336016950","Eshelman Avenue Elementary","2017-2018","96","27","0.28125"
"1376701","3767","19647336017032","15th Street Elementary","2017-2018","176","30","0.170455"
"1382201","3822","19647336017073","Figueroa Street Elementary","2017-2018","176","49","0.278409"
"1228801","2288","19647336015945","Bandini Street Elementary","2017-2018","82","23","0.280488"
"1881401","8814","19647331937226","Reseda Senior High","2017-2018","335","26","0.077612"
"1342501","3425","19647336016752","Denker Avenue Elementary","2017-2018","238","46","0.193277"
"1857101","8571","19647331931476","Canoga Park Senior High","2017-2018","338","33","0.097633"
"1402001","4020","19647330109231","Danny J Bakewell Sr Primary Center","2017-2018","108","3","0.027778"
"1857301","8573","19647331931500","Owensmouth Continuation High","2017-2018","14","4","0.285714"
"1858301","8583","19647331931708","Chatsworth Charter High School","2017-2018","210","35","0.166667"
"1858501","8585","19647331931559","Stoney Point Continuation High","2017-2018","20","3","0.15"
"1859001","8590","19647331931864","Grover Cleveland Charter High School","2017-2018","403","33","0.081886"
"1859101","8591","19647331930940","John R Wooden High School","2017-2018","14","1","0.071429"
"1872501","8725","19647331939941","John F Kennedy Senior High","2017-2018","174","20","0.114943"
"1872601","8726","19647331932334","Jane Addams Continuation High","2017-2018","9","*","*"
"1876801","8768","19647331935865","James Monroe Senior High","2017-2018","568","71","0.125"
"1884201","8842","19647331933233","Sherman Oaks Center for Enriched Studies (SOCES) Magnet","2017-2018","62","40","0.645161"
"1881601","8816","19647331931682","Zane Grey Continuation High","2017-2018","14","1","0.071429"
"1224701","2247","19647336015903","Avalon Gardens Elementary","2017-2018","51","2","0.039216"
"1888001","8880","19647331938612","William Howard Taft Charter High School","2017-2018","183","32","0.174863"
"1888301","8883","19647331932250","Henry David Thoreau Continuation High","2017-2018","10","*","*"
"1889801","8898","19647330124362","Valley Academy of Arts and Sciences","2017-2018","66","12","0.181818"
"1191701","1917","19647331930692","Thomas Riley High School - CYESIS","2017-2018","21","7","0.333333"
"1194101","1941","19647336060495","Benjamin Banneker Career and Transition Center","2017-2018","106","0","0"
"1195701","1957","19647336060503","Ernest P Willenberg Special Education Center","2017-2018","60","0","0"
"1208901","2089","19647336015754","Ambler Avenue Elementary","2017-2018","35","10","0.285714"
"1209601","2096","19647336015762","Amestoy Elementary","2017-2018","257","62","0.241245"
"1214601","2146","19647336015820","Annalee Avenue Elementary","2017-2018","10","*","*"
"1877001","8770","19647331931385","Albert Einstein Continuation High School","2017-2018","5","*","*"
"1643801","6438","19647336019004","Russell Elementary","2017-2018","500","101","0.202"
"1585701","5857","19647336018535","107th Street Elementary","2017-2018","410","53","0.129268"
"1586301","5863","19647336018543","116th Street Elementary","2017-2018","179","26","0.145251"
"1587701","5877","19647336018550","135th Street Elementary","2017-2018","362","78","0.21547"
"1588401","5884","19647336018568","112th Street Elementary","2017-2018","150","48","0.32"
"1588701","5887","19647336018576","122nd Street Elementary","2017-2018","275","65","0.236364"
"1601301","6013","19647336018675","Park Western Place Elementary","2017-2018","55","12","0.218182"
"1602101","6021","19647336018683","Parmelee Avenue Elementary","2017-2018","381","93","0.244094"
"1613701","6137","19647336018766","Point Fermin Elementary Marine Science Magnet","2017-2018","12","2","0.166667"
"1614801","6148","19647336018790","President Avenue Elementary","2017-2018","45","13","0.288889"
"1687201","6872","19647330122150","Wisdom Elementary","2017-2018","362","106","0.292818"
"1630101","6301","19647336018915","Ritter Elementary","2017-2018","177","39","0.220339"
"1582201","5822","19647336018501","153rd Street Elementary","2017-2018","141","18","0.12766"
"1661601","6616","19647336019129","7th Street Elementary","2017-2018","21","2","0.095238"
"1663001","6630","19647336019137","75th Street Elementary","2017-2018","496","105","0.211694"
"1665801","6658","19647336018105","McKinley Avenue Elementary","2017-2018","309","63","0.203883"
"1679501","6795","19647336019244","68th Street Elementary","2017-2018","417","69","0.165468"
"1682201","6822","19647336019269","66th Street Elementary","2017-2018","449","112","0.249443"
"1686301","6863","19647336019293","South Park Elementary","2017-2018","459","97","0.211329"
"1686701","6867","19647330126581","Harry Bridges Span School","2017-2018","316","84","0.265823"
"1686901","6869","19647330122143","Dr Owen Lloyd Knox Elementary School","2017-2018","281","63","0.224199"
"1687001","6870","19647336019301","South Shores Elementary Performing Arts Magnet","2017-2018","12","6","0.5"
"1688601","6886","19647330122176","Judith F Baca Arts Academy","2017-2018","315","53","0.168254"
"1615801","6158","19647336018808","Purche Avenue Elementary","2017-2018","68","7","0.102941"
"1553401","5534","19647336018345","99th Street Elementary","2017-2018","228","57","0.25"
"1421901","4219","19647336017321","Graham Elementary","2017-2018","354","49","0.138418"
"1427401","4274","19647336017362","Grape Street Elementary","2017-2018","253","26","0.102767"
"1431501","4315","19647336017404","Gulf Avenue Elementary","2017-2018","363","102","0.280992"
"1434201","4342","19647336017420","Halldale Elementary","2017-2018","138","19","0.137681"
"1442501","4425","19647336017461","Harbor City Elementary","2017-2018","277","56","0.202166"
"1446601","4466","19647336017511","Hawaiian Avenue Elementary","2017-2018","284","50","0.176056"
"1482901","4829","19647336017826","Leapwood Elementary","2017-2018","16","1","0.0625"
"1483601","4836","19647336017834","Leland Street Elementary","2017-2018","87","9","0.103448"
"1493201","4932","19647336017933","Lomita Elementary Math/Science/Technology Magnet","2017-2018","115","46","0.4"
"1509601","5096","19647336018022","Manchester Avenue Elementary","2017-2018","377","110","0.291777"
"1584901","5849","19647336018527","Florence Griffith Joyner Elementary","2017-2018","203","24","0.118227"
"1532901","5329","19647336018188","Miramonte Elementary","2017-2018","346","77","0.222543"
"1583601","5836","19647336018519","109th Street Elementary","2017-2018","219","20","0.091324"
"1554801","5548","19647336018352","92nd Street Elementary","2017-2018","415","68","0.163855"
"1556201","5562","19647336018360","Charles W Barrett Elementary","2017-2018","318","52","0.163522"
"1557501","5575","19647336018378","96th Street Elementary","2017-2018","283","74","0.261484"
"1558201","5582","19647336018386","93rd Street Elementary","2017-2018","449","95","0.211581"
"1564401","5644","19647336018428","Normont Elementary","2017-2018","131","32","0.244275"
"1574001","5740","19647336018469","118th Street Elementary","2017-2018","205","32","0.156098"
"1575301","5753","19647336018477","186th Street Elementary","2017-2018","235","54","0.229787"
"1578101","5781","19647336018485","Lovelia P Flournoy Elementary","2017-2018","237","30","0.126582"
"1580801","5808","19647336018493","156th Street Elementary","2017-2018","50","5","0.1"
"1404101","4041","19647336017214","Gardena Elementary","2017-2018","282","55","0.195035"
"1532101","5321","19647336066278","Loren Miller Elementary","2017-2018","373","92","0.246649"
"1469201","4692","19647336017693","Justice Street Academy Charter","2017-2018","8","*","*"
"1519801","5198","19647336018089","Mayall Street Academy of Arts/Technology Magnet","2017-2018","68","13","0.191176"
"1402701","4027","19647336017198","Fullbright Avenue Elementary","2017-2018","219","30","0.136986"
"1405501","4055","19647336017206","Garden Grove Elementary","2017-2018","155","28","0.180645"
"1411001","4110","19647336017255","Gault Street Elementary","2017-2018","164","26","0.158537"
"1411701","4117","19647336017263","Germain Academy for Academic Achievement","2017-2018","56","17","0.303571"
"1413001","4130","19647336017289","Gledhill Street Elementary","2017-2018","127","35","0.275591"
"1423301","4233","19647336017339","Granada Community Charter","2017-2018","82","19","0.231707"
"1434901","4349","19647336017438","Hamlin Charter Academy","2017-2018","111","27","0.243243"
"1444501","4445","19647336017495","Hart Street Elementary","2017-2018","487","103","0.211499"
"1445201","4452","19647336017503","Haskell Elementary STEAM Magnet","2017-2018","97","19","0.195876"
"1361001","3610","19647330117036","Enadia Way Technology Charter","2017-2018","29","9","0.310345"
"1452101","4521","19647330112060","Hesby Oaks Leadership Charter","2017-2018","20","10","0.5"
"1358901","3589","19647336016901","Emelita Academy Charter","2017-2018","97","22","0.226804"
"1476201","4762","19647336017743","Knollwood Preparatory Academy","2017-2018","54","11","0.203704"
"1476401","4764","19647336017768","Lanai Road Elementary","2017-2018","24","12","0.5"
"1477501","4775","19647336017776","Langdon Avenue Elementary","2017-2018","349","53","0.151862"
"1477601","4776","19647336116842","Primary Academy for Success School","2017-2018","214","25","0.116822"
"1479001","4790","19647336017792","Lassen Elementary","2017-2018","203","43","0.211823"
"1484901","4849","19647336017842","Lemay Street Elementary","2017-2018","87","24","0.275862"
"1487001","4870","19647336017867","Liggett Street Elementary","2017-2018","365","95","0.260274"
"1488101","4881","19647336017883","Limerick Avenue Elementary","2017-2018","293","70","0.238908"
"1488701","4887","19647336017891","Lockhurst Drive Charter Elementary","2017-2018","63","12","0.190476"
"1230301","2303","19647330126607","Porter Ranch Community School","2017-2018","60","13","0.216667"
"1447301","4473","19647336017529","Haynes Charter for Enriched Studies","2017-2018","19","9","0.473684"
"1276701","2767","19647336016307","Cantara Street Elementary","2017-2018","215","50","0.232558"
"1225001","2250","19647330125096","Academy for Enriched Sciences Elementary Magnet","2017-2018","35","7","0.2"
"1480801","4808","19647336017818","Laurel Elementary","2017-2018","75","20","0.266667"
"1226901","2269","19647336100069","Balboa Elementary Gifted/Highly Gifted/High Ability Magnet","2017-2018","6","*","*"
"1703501","7035","19647336019426","Taper Avenue Elementary","2017-2018","29","13","0.448276"
"1232301","2323","19647336015960","Bassett Street Elementary","2017-2018","382","98","0.256545"
"1233501","2335","19647336015986","Beckford Charter for Enriched Studies","2017-2018","21","8","0.380952"
"1243801","2438","19647336016026","Bertrand Avenue Elementary","2017-2018","158","30","0.189873"
"1247001","2470","19647336016034","Blythe Street Elementary","2017-2018","241","66","0.273859"
"1270401","2704","19647336016240","Calabash Charter Academy","2017-2018","14","5","0.357143"
"1270601","2706","19647336016257","Calahan Community Charter","2017-2018","87","22","0.252874"
"1361601","3616","19647336016935","Encino Charter Elementary","2017-2018","31","14","0.451613"
"1275301","2753","19647336016299","Canoga Park Elementary","2017-2018","361","94","0.260388"
"1523301","5233","19647336018121","Melvin Avenue Elementary","2017-2018","182","41","0.225275"
"1280201","2802","19647336016331","Capistrano Avenue Elementary","2017-2018","96","23","0.239583"
"1288101","2881","19647336071435","Castlebay Lane Charter","2017-2018","54","22","0.407407"
"1301401","3014","19647336016455","Chase Street Elementary","2017-2018","367","52","0.141689"
"1302701","3027","19647336016463","Chatsworth Park Elementary","2017-2018","47","11","0.234043"
"1313701","3137","19647336016547","Cohasset Street Elementary","2017-2018","276","54","0.195652"
"1333501","3335","19647336016695","Danube Avenue Elementary","2017-2018","88","22","0.25"
"1334001","3340","19647336016703","Darby Avenue Charter","2017-2018","43","17","0.395349"
"1337701","3377","19647336016729","Dearborn Elementary Charter Academy","2017-2018","80","21","0.2625"
"1354501","3545","19647336016869","El Oro Way Charter for Enriched Sciences","2017-2018","49","21","0.428571"
"1357601","3576","19647330109371","Rosa Parks Learning Center","2017-2018","420","90","0.214286"
"1271201","2712","19647336016265","Calvert Charter for Enriched Studies","2017-2018","54","9","0.166667"
"1825901","8259","19647336058184","William Mulholland Middle School","2017-2018","279","97","0.34767"
"1497301","4973","19647336017966","Lorne Street Elementary","2017-2018","92","27","0.293478"
"1777401","7774","19647336019954","Wilbur Charter for Enriched Academics","2017-2018","66","19","0.287879"
"1783601","7836","19647336020002","Winnetka Avenue Elementary","2017-2018","245","33","0.134694"
"1787701","7877","19647336020036","Woodlake Elementary Community Charter","2017-2018","58","16","0.275862"
"1789001","7890","19647336020044","Woodland Hills Charter Elementary for Enriched Studies","2017-2018","18","8","0.444444"
"1810201","8102","19647336057947","Christopher Columbus Middle School","2017-2018","174","43","0.247126"
"1810701","8107","19647336061584","Gaspar de Portola Middle School","2017-2018","172","62","0.360465"
"1813701","8137","19647336058275","Robert Frost Middle School","2017-2018","44","17","0.386364"
"1816901","8169","19647336061477","George Ellery Hale Charter Academy","2017-2018","106","50","0.471698"
"1817401","8174","19647336061485","Patrick Henry Middle School","2017-2018","95","34","0.357895"
"1756201","7562","19647336019798","Vintage Elementary Math/Science/Technology Magnet","2017-2018","65","17","0.261538"
"1821701","8217","19647336058093","Ernest Lawrence Middle School","2017-2018","145","34","0.234483"
"1742201","7422","19647336019673","Van Gogh Charter","2017-2018","44","10","0.227273"
"1827201","8272","19647336061543","Alfred B Nobel Charter Middle School","2017-2018","55","33","0.6"
"1828301","8283","19647336058200","Northridge Middle School","2017-2018","257","66","0.256809"
"1834401","8344","19647336061568","Woodland Hills Academy","2017-2018","116","33","0.284483"
"1835401","8354","19647336058242","George K Porter Middle School","2017-2018","119","41","0.344538"
"1836301","8363","19647336058291","Francisco Sepulveda Middle School","2017-2018","406","95","0.23399"
"1840601","8406","19647336058325","John A Sutter Middle School","2017-2018","227","60","0.264317"
"1850601","8506","19647330102137","Aggeler Community Day School","2017-2018","12","7","0.583333"
"1850701","8507","19647331930064","William Tell Aggeler Opportunity High School","2017-2018","16","4","0.25"
"1851301","8513","19647330107003","Northridge Academy Senior High","2017-2018","66","18","0.272727"
"1855801","8558","19647330120360","Daniel Pearl Senior High Journalism & Communications Magnet","2017-2018","6","*","*"
"1818201","8182","19647336058069","Oliver Wendell Holmes Middle School","2017-2018","151","53","0.350993"
"1689001","6890","19647336019319","Stagg Street Elementary","2017-2018","130","25","0.192308"
"1544601","5446","19647336018279","Napa Street Elementary","2017-2018","291","56","0.19244"
"1545201","5452","19647336018287","Nestle Avenue Charter","2017-2018","160","37","0.23125"
"1545901","5459","19647336018295","Nevada Avenue Elementary","2017-2018","169","42","0.248521"
"1547901","5479","19647336018311","Newcastle Elementary School","2017-2018","165","23","0.139394"
"1560401","5604","19647330109389","Panorama City Elementary","2017-2018","330","92","0.278788"
"1602701","6027","19647336018691","Parthenia Street Elementary","2017-2018","228","53","0.232456"
"1612301","6123","19647336018758","Plummer Elementary","2017-2018","500","79","0.158"
"1614001","6140","19647336018774","Pomelo Community Charter School","2017-2018","21","13","0.619048"
"1623301","6233","19647336018857","Reseda Elementary","2017-2018","198","39","0.19697"
"1647901","6479","19647336019038","San Jose Street Elementary","2017-2018","91","28","0.307692"
"1763701","7637","19647336019855","Welby Way Charter Elementary and Gifted-High Ability Magnet","2017-2018","22","7","0.318182"
"1671201","6712","19647336019194","Shirley Avenue Elementary","2017-2018","116","12","0.103448"
"1855901","8559","19647331931690","Independence Continuation High","2017-2018","15","5","0.333333"
"1698601","6986","19647336019384","Sunny Brae Avenue Elementary","2017-2018","258","66","0.255814"
"1700701","7007","19647336019392","Superior Street Elementary","2017-2018","89","35","0.393258"
"1704101","7041","19647336019434","Tarzana Elementary","2017-2018","98","16","0.163265"
"1720101","7201","19647336019533","Topeka Drive Charter for Advanced Studies","2017-2018","25","9","0.36"
"1724701","7247","19647336019566","Tulsa Street Elementary","2017-2018","82","24","0.292683"
"1739001","7390","19647331931716","Valley Alternative Magnet","2017-2018","76","25","0.328947"
"1739801","7398","19647330122184","Alta California Elementary","2017-2018","435","153","0.351724"
"1740201","7402","19647330122226","Stanley Mosk Elementary School","2017-2018","211","53","0.251185"
"1740401","7404","19647330122234","Carlos Santana Arts Academy","2017-2018","267","43","0.161049"
"1741101","7411","19647336019707","Vanalden Avenue Elementary","2017-2018","142","33","0.232394"
"1660601","6606","19647336019111","Serrania Avenue Charter for Enriched Studies","2017-2018","85","28","0.329412"
"1753401","7534","19647336019772","Vine Street Elementary","2017-2018","231","31","0.134199"
"1674001","6740","19647336019202","Short Avenue Elementary","2017-2018","34","6","0.176471"
"1678101","6781","19647336019236","6th Avenue Elementary","2017-2018","262","33","0.125954"
"1680801","6808","19647336019251","61st Street Elementary","2017-2018","263","51","0.193916"
"1693201","6932","19647336018402","Nora Sterry Elementary","2017-2018","110","13","0.118182"
"1695201","6952","19647336019350","Stoner Avenue Elementary","2017-2018","136","29","0.213235"
"1711001","7110","19647336019467","3rd Street Elementary","2017-2018","150","52","0.346667"
"1712301","7123","19647336016810","Thomas Bradley Global Awareness Magnet","2017-2018","26","6","0.230769"
"1716401","7164","19647336019491","Birdielee V Bright Elementary","2017-2018","261","49","0.187739"
"1719801","7198","19647336019525","Topanga Elementary Charter School","2017-2018","9","*","*"
"1771201","7712","19647336019921","Westport Heights Elementary","2017-2018","41","7","0.170732"
"1742501","7425","19647336019681","Van Ness Avenue Elementary","2017-2018","49","10","0.204082"
"1658901","6589","19647336019103","Selma Avenue Elementary","2017-2018","57","14","0.245614"
"1757501","7575","19647336019806","Virginia Road Elementary","2017-2018","101","7","0.069307"
"1760301","7603","19647336019822","Walgrove Avenue Elementary","2017-2018","18","7","0.388889"
"1761601","7616","19647336019830","Warner Avenue Elementary","2017-2018","35","8","0.228571"
"1763901","7639","19647330128355","The Incubator School","2017-2018","4","*","*"
"1764401","7644","19647336019863","West Athens Elementary","2017-2018","318","55","0.172956"
"1764901","7649","19647336019871","West Hollywood Elementary","2017-2018","19","7","0.368421"
"1766501","7665","19647330126490","Augustus F Hawkins SH - Community Health Advocates School","2017-2018","167","10","0.05988"
"1766601","7666","19647330126508","Augustus F Hawkins SH - Responsible Indigenous Soc Entrprenr","2017-2018","134","8","0.059701"
"1767101","7671","19647336019905","Western Avenue Elementary","2017-2018","236","16","0.067797"
"1501401","5014","19647336017982","Loyola Village Elementary Fine/Performing Arts Magnet","2017-2018","30","4","0.133333"
"1739701","7397","19647336019657","Valley View Elementary","2017-2018","8","*","*"
"1611001","6110","19647336018741","Playa Del Rey Elementary","2017-2018","25","4","0.16"
"1471201","4712","19647336017719","Kentwood Elementary","2017-2018","5","*","*"
"1516401","5164","19647336018063","Marquez Charter","2017-2018","21","4","0.190476"
"1517801","5178","19647336018071","Marvin Elementary","2017-2018","305","67","0.219672"
"1519201","5192","19647336018048","Mar Vista Elementary","2017-2018","40","6","0.15"
"1521901","5219","19647336018113","Melrose Avenue Elementary Math/Science/Technology Magnet","2017-2018","64","12","0.1875"
"1552101","5521","19647336018337","95th Street Elementary","2017-2018","445","48","0.107865"
"1588901","5889","19647336097927","Open Charter Magnet","2017-2018","12","0","0"
"1590401","5904","19647336018618","Overland Avenue Elementary","2017-2018","10","*","*"
"1595901","5959","19647336018634","Palisades Charter Elementary","2017-2018","12","3","0.25"
"1598601","5986","19647336018659","Palms Elementary","2017-2018","127","20","0.15748"
"1667101","6671","19647336019160","Shenandoah Street Elementary","2017-2018","279","56","0.200717"
"1608701","6087","19647330133603","Girls Academic Leadership Academy","2017-2018","6","*","*"
"1664401","6644","19647336019145","74th Street Elementary","2017-2018","71","2","0.028169"
"1616401","6164","19647336018816","Queen Anne Place Elementary","2017-2018","111","19","0.171171"
"1617801","6178","19647336018824","Ramona Elementary","2017-2018","370","62","0.167568"
"1617901","6179","19647330109405","Kingsley Elementary School","2017-2018","231","56","0.242424"
"1621901","6219","19647336018840","Raymond Avenue Elementary","2017-2018","218","23","0.105505"
"1626001","6260","19647336018873","Richland Avenue Elementary","2017-2018","47","15","0.319149"
"1634201","6342","19647336016539","Coeur D Alene Avenue Elementary","2017-2018","46","8","0.173913"
"1636301","6363","19647336018964","Roscomare Road Elementary","2017-2018","9","*","*"
"1638401","6384","19647336018980","Rosewood Avenue Elementary","2017-2018","34","9","0.264706"
"1654901","6549","19647330109298","Hollywood Primary Center","2017-2018","67","7","0.104478"
"1773401","7734","19647330125989","Helen Bernstein Senior High Science Tech Engineering Math","2017-2018","67","14","0.208955"
"1605201","6052","19647336018709","Paseo del Rey Elementary Natural Science Magnet","2017-2018","36","16","0.444444"
"1876001","8760","19647330102913","Middle College High School","2017-2018","1","*","*"
"1862101","8621","19647331932920","Fairfax Senior High","2017-2018","173","24","0.138728"
"1862301","8623","19647331931856","Whitman Continuation High","2017-2018","5","*","*"
"1867001","8670","19647330102764","Richard A Alonzo Community Day School","2017-2018","20","7","0.35"
"1868601","8686","19647331933852","Alexander Hamilton Senior High","2017-2018","178","23","0.129213"
"1868801","8688","19647331931336","Cheviot Hills Continuation High","2017-2018","6","*","*"
"1869301","8693","19647331934033","Hollywood Senior High","2017-2018","133","18","0.135338"
"1869601","8696","19647330117069","Helen Bernstein Senior High","2017-2018","245","26","0.106122"
"1871301","8713","19647330126482","Augustus F Hawkins SH - Critical Design and Gaming School","2017-2018","153","8","0.052288"
"1873001","8730","19647331932391","West Hollywood Community Day School","2017-2018","5","*","*"
"1769901","7699","19647336019913","Westminster Avenue Elementary Math/Tech/Env Studies Magnet","2017-2018","123","28","0.227642"
"1874101","8741","19647331932847","Los Angeles Center for Enriched Studies (LACES) Magnet","2017-2018","19","7","0.368421"
"1859801","8598","19647331930403","Whitney Young Continuation High","2017-2018","7","*","*"
"1888601","8886","19647331938885","University Senior High","2017-2018","145","29","0.2"
"1890701","8907","19647331939040","Venice Senior High","2017-2018","152","30","0.197368"
"1890901","8909","19647331930783","Phoenix Continuation High","2017-2018","12","0","0"
"1892801","8928","19647331939305","George Washington Preparatory Senior High","2017-2018","165","19","0.115152"
"1893001","8930","19647331931955","Duke Ellington Continuation High","2017-2018","6","*","*"
"1894301","8943","19647331939479","Westchester Enriched Sciences Magnets-Health/Sports Med Mag","2017-2018","17","3","0.176471"
"1194401","1944","19647336069157","Berenece Carlson Home Hospital School","2017-2018","158","12","0.075949"
"1268001","2680","19647336120794","Elementary Community Day School","2017-2018","1","*","*"
"1211701","2117","19647336015796","Andasol Avenue Elementary","2017-2018","61","11","0.180328"
"1486301","4863","19647336017859","Liberty Boulevard Elementary","2017-2018","263","69","0.262357"
"1873601","8736","19647331935352","Los Angeles Senior High","2017-2018","257","28","0.108949"
"1823501","8235","19647336058127","Marina Del Rey Middle School","2017-2018","44","7","0.159091"
"1774001","7740","19647336019939","Westwood Charter Elementary","2017-2018","47","13","0.276596"
"1779501","7795","19647336019970","Wilshire Crest Elementary","2017-2018","45","8","0.177778"
"1780801","7808","19647336019988","Wilton Place Elementary","2017-2018","301","80","0.265781"
"1782201","7822","19647336019996","Windsor Hills Elementary Math/Science Aerospace Magnet","2017-2018","11","0","0"
"1784901","7849","19647336020010","Wonderland Avenue Elementary","2017-2018","12","3","0.25"
"1786301","7863","19647336020028","Woodcrest Elementary","2017-2018","357","39","0.109244"
"1802801","8028","19647336061394","Audubon Middle School","2017-2018","88","32","0.363636"
"1803801","8038","19647336057871","Hubert Howe Bancroft Middle School","2017-2018","117","30","0.25641"
"1807501","8075","19647336061410","John Burroughs Middle School","2017-2018","170","65","0.382353"
"1812301","8123","19647336057988","Emerson Community Charter","2017-2018","57","6","0.105263"
"1860201","8602","19647331930429","View Park Continuation High","2017-2018","12","0","0"
"1822601","8226","19647336061501","Joseph Le Conte Middle School","2017-2018","210","53","0.252381"
"1860001","8600","19647331932383","Susan Miller Dorsey Senior High","2017-2018","188","8","0.042553"
"1823601","8236","19647336058119","Horace Mann Middle School","2017-2018","80","0","0"
"1824501","8245","19647336061535","Johnnie L Cochran Jr Middle School","2017-2018","218","49","0.224771"
"1825501","8255","19647336058176","John Muir Middle School","2017-2018","284","39","0.137324"
"1834001","8340","19647336058226","Palms Middle School","2017-2018","81","18","0.222222"
"1835601","8356","19647336058267","Paul Revere Charter Middle School","2017-2018","48","29","0.604167"
"1842501","8425","19647336058135","Mark Twain Middle School","2017-2018","87","25","0.287356"
"1848101","8481","19647336058358","Daniel Webster Middle School","2017-2018","83","17","0.204819"
"1849301","8493","19647336058382","Orville Wright Engineering and Design Magnet","2017-2018","10","*","*"
"1859601","8596","19647331932128","Crenshaw Magnets: Science Tech Engineer Math & Medicine","2017-2018","117","7","0.059829"
"1498001","4980","19647336107064","Pio Pico Middle School","2017-2018","160","35","0.21875"
"1817001","8170","19647336058044","Bret Harte Preparatory Middle School","2017-2018","184","37","0.201087"
"1865201","8652","19647331931971","John Hope Continuation High","2017-2018","11","7","0.636364"
"1823701","8237","19647336061527","Edwin Markham Middle School","2017-2018","239","62","0.259414"
"1835201","8352","19647336061576","Robert E Peary Middle School","2017-2018","181","56","0.309392"
"1848701","8487","19647336058366","Stephen M White Middle School","2017-2018","143","34","0.237762"
"1849001","8490","19647336058374","Wilmington Middle School STEAM","2017-2018","220","71","0.322727"
"1851801","8518","19647330102921","Harbor Teacher Preparation Academy","2017-2018","1","*","*"
"1852901","8529","19647331930650","Phineas Banning Senior High","2017-2018","185","14","0.075676"
"1853101","8531","19647331931930","Avalon Continuation High","2017-2018","17","2","0.117647"
"1857501","8575","19647331931526","Carson Senior High","2017-2018","100","21","0.21"
"1857801","8578","19647331932318","Eagle Tree Continuation High","2017-2018","4","*","*"
"1886801","8868","19647330124529","Rancho Dominguez Preparatory School","2017-2018","83","17","0.204819"
"1865001","8650","19647331933118","John C Fremont Senior High","2017-2018","508","69","0.135827"
"1811301","8113","19647336061444","Thomas A Edison Middle School","2017-2018","304","92","0.302632"
"1866401","8664","19647331933241","Gardena Senior High","2017-2018","207","31","0.149758"
"1866601","8666","19647331930486","Moneta Continuation High","2017-2018","3","*","*"
"1872101","8721","19647331934454","David Starr Jordan Senior High","2017-2018","161","14","0.086957"
"1872701","8727","19647331933001","King-Drew Senior High Medicine and Science Magnet","2017-2018","29","11","0.37931"
"1877901","8779","19647331936160","Nathaniel Narbonne Senior High","2017-2018","198","33","0.166667"
"1878101","8781","19647331931518","George S Patton Continuation High","2017-2018","8","*","*"
"1883801","8838","19647330127787","Narbonne SH-Humanities & Arts (HArts) Academy of Los Angeles","2017-2018","23","8","0.347826"
"1885001","8850","19647331937838","San Pedro Senior High","2017-2018","151","26","0.172185"
"1885201","8852","19647331930734","Angel's Gate Continuation High","2017-2018","2","*","*"
"1511001","5110","19647336018030","Manhattan Place Elementary","2017-2018","79","22","0.278481"
"1858901","8589","19647330101329","William J Johnston Community Day School","2017-2018","21","3","0.142857"
"1772101","7721","19647330124511","Diego Rivera Learning Complex Performing Arts","2017-2018","119","20","0.168067"
"1849701","8497","19647331996651","Secondary Community Day School","2017-2018","10","*","*"
"1732901","7329","19647336019616","232nd Place Elementary","2017-2018","31","7","0.225806"
"1734201","7342","19647336018147","Meyler Street Elementary","2017-2018","299","76","0.254181"
"1741901","7419","19647336019665","Van Deene Avenue Elementary","2017-2018","71","10","0.140845"
"1763001","7630","19647330109306","Washington Primary Center","2017-2018","67","8","0.119403"
"1763201","7632","19647330129775","Banning Senior High Creative and Innovative Sciences","2017-2018","68","0","0"
"1763401","7634","19647336019848","Weigand Avenue Elementary","2017-2018","224","34","0.151786"
"1765601","7656","19647330126623","Carson Senior High - Academy of Medical Arts","2017-2018","20","4","0.2"
"1765701","7657","19647330126615","Carson Senior High - Academy of Education and Empowerment","2017-2018","27","5","0.185185"
"1766701","7667","19647330126573","Mervyn M Dymally Senior High","2017-2018","193","12","0.062176"
"1816001","8160","19647336058028","Samuel Gompers Middle School","2017-2018","136","20","0.147059"
"1771901","7719","19647330124503","Diego Rivera Learning Complex Green Design STEAM Academy","2017-2018","106","10","0.09434"
"1812701","8127","19647336057996","Alexander Fleming Middle School","2017-2018","195","53","0.271795"
"1776101","7761","19647330120808","Dorothy V Johnson Community Day School","2017-2018","26","4","0.153846"
"1776701","7767","19647336019947","White Point Elementary","2017-2018","11","3","0.272727"
"1778101","7781","19647336019962","Wilmington Park Elementary","2017-2018","301","46","0.152824"
"1806001","8060","19647336058143","Mary McLeod Bethune Middle School","2017-2018","300","80","0.266667"
"1809001","8090","19647336057913","Andrew Carnegie Middle School","2017-2018","93","42","0.451613"
"1810301","8103","19647336066294","Glenn Hammond Curtiss Middle School","2017-2018","36","12","0.333333"
"1810401","8104","19647336057954","Richard Henry Dana Middle School","2017-2018","154","40","0.25974"
"1811001","8110","19647336061436","Rudecinda Sepulveda Dodson Middle School","2017-2018","96","38","0.395833"
"1811201","8112","19647336057962","Charles Drew Middle School","2017-2018","236","34","0.144068"
"1894801","8948","19647331995794","Youth Opportunities Unlimited","2017-2018","65","7","0.107692"
"1771801","7718","19647330124495","Diego Rivera Learning Complex Communication & Technology","2017-2018","141","20","0.141844"
"1379501","3795","19647336017057","59th Street Elementary","2017-2018","109","6","0.055046"
"1304101","3041","19647336016471","Cheremoya Avenue Elementary","2017-2018","80","16","0.2"
"1306801","3068","19647336016489","Cienega Elementary","2017-2018","305","36","0.118033"
"1308201","3082","19647336016497","Cimarron Avenue Elementary","2017-2018","24","2","0.083333"
"1312301","3123","19647336016521","Clover Avenue Elementary","2017-2018","69","14","0.202899"
"1317801","3178","19647336016570","Coliseum Street Elementary","2017-2018","75","3","0.04"
"1326001","3260","19647336016646","Cowan Avenue Elementary","2017-2018","11","2","0.181818"
"1328801","3288","19647336016653","Crescent Heights Boulevard Elementary Lang Arts/Soc Jstc Mag","2017-2018","66","17","0.257576"
"1331101","3311","19647331931054","Westside Global Awareness Magnet","2017-2018","37","8","0.216216"
"1350001","3500","19647331931070","Mid-City's Prescott School of Enriched Sciences","2017-2018","36","18","0.5"
"1886701","8867","19647330124487","Diego Rivera Learning Complex Public Service Community","2017-2018","99","17","0.171717"
"1378101","3781","19647336017040","54th Street Elementary","2017-2018","27","7","0.259259"
"1293901","2939","19647330122101","Carson-Gore Academy of Environmental Studies","2017-2018","367","87","0.237057"
"1380801","3808","19647336017065","52nd Street Elementary","2017-2018","405","66","0.162963"
"1395901","3959","19647336017156","42nd Street Elementary","2017-2018","37","2","0.054054"
"1406801","4068","19647336017222","Gardner Street Elementary","2017-2018","111","25","0.225225"
"1424701","4247","19647336017347","Grand View Boulevard Elementary","2017-2018","235","54","0.229787"
"1426001","4260","19647336017354","Grant Elementary","2017-2018","251","49","0.195219"
"1439701","4397","19647336017453","Hancock Park Elementary","2017-2018","175","45","0.257143"
"1452801","4528","19647336017586","Hillcrest Drive Elementary","2017-2018","210","19","0.090476"
"1465801","4658","19647336017677","Young Empowered Scholars Academy","2017-2018","239","26","0.108787"
"1469901","4699","19647336017701","Kenter Canyon Elementary Charter","2017-2018","14","3","0.214286"
"1478601","4786","19647336017750","La Salle Avenue Elementary","2017-2018","115","26","0.226087"
"1372601","3726","19647336016992","Fairburn Avenue Elementary","2017-2018","72","10","0.138889"
"1253401","2534","19647336016125","Broadway Elementary","2017-2018","47","16","0.340426"
"1194901","1949","19647336060529","Marlton School","2017-2018","91","2","0.021978"
"1195201","1952","19647336060511","James J McBride Special Education Center","2017-2018","22","0","0"
"1204201","2042","19647330109314","Harvard Elementary","2017-2018","257","47","0.182879"
"1208201","2082","19647336015747","Alta Loma Elementary","2017-2018","302","54","0.178808"
"1212301","2123","19647336015804","Angeles Mesa Elementary","2017-2018","124","22","0.177419"
"1219201","2192","19647336015861","Arlington Heights Elementary","2017-2018","253","34","0.134387"
"1227401","2274","19647336015929","Baldwin Hills Elementary","2017-2018","18","3","0.166667"
"1230601","2306","19647330126383","Playa Vista Elementary","2017-2018","35","9","0.257143"
"1231201","2312","19647330126425","Gerald A Lawson Academy of the Arts Math Science Elementary","2017-2018","292","52","0.178082"
"1234201","2342","19647336015994","Beethoven Street Elementary","2017-2018","51","17","0.333333"
"1300201","3002","19647336016448","Charnock Road Elementary","2017-2018","135","29","0.214815"
"1250701","2507","19647336016083","Brentwood Elementary Science Magnet","2017-2018","124","42","0.33871"
"1294501","2945","19647336016414","Century Park Elementary","2017-2018","72","13","0.180556"
"1254801","2548","19647336016133","Brockton Avenue Elementary","2017-2018","116","14","0.12069"
"1261601","2616","19647336016174","Budlong Avenue Elementary","2017-2018","355","85","0.239437"
"1261901","2619","19647330112003","Wilshire Park Elementary School","2017-2018","216","44","0.203704"
"1264401","2644","19647336066286","Saturn Street Elementary","2017-2018","136","23","0.169118"
"1274001","2740","19647336016281","Canfield Avenue Elementary","2017-2018","43","7","0.162791"
"1274101","2741","19647336094726","Community Elementary Magnet Charter School","2017-2018","39","11","0.282051"
"1279501","2795","19647336016323","Canyon Charter Elementary","2017-2018","3","*","*"
"1284901","2849","19647336016372","Carthay Elementary of Environmental Studies Magnet","2017-2018","82","22","0.268293"
"1287701","2877","19647336016398","Castle Heights Elementary","2017-2018","50","10","0.2"
"1720501","7205","19647336019541","Towne Avenue Elementary","2017-2018","57","15","0.263158"
"1247901","2479","19647336016059","Braddock Drive Elementary","2017-2018","87","36","0.413793"
"1864501","8645","19647331931393","Highland Park Continuation High","2017-2018","11","1","0.090909"
"1491801","4918","19647336017925","Loma Vista Elementary","2017-2018","382","117","0.306283"
"1851601","8516","19647330119727","Ramon C Cortines School of Visual & Performing Arts","2017-2018","69","18","0.26087"
"1851701","8517","19647330112029","Miguel Contreras Learning Complex - Business and Tourism","2017-2018","103","10","0.097087"
"1852701","8527","19647330127795","Miguel Contreras Learning Complex - School of Social Justice","2017-2018","136","13","0.095588"
"1854301","8543","19647331930924","Belmont Senior High","2017-2018","407","27","0.066339"
"1854401","8544","19647330117051","Edward R Roybal Learning Center","2017-2018","359","26","0.072423"
"1854501","8545","19647331930296","Harris Newmark Continuation High","2017-2018","28","1","0.035714"
"1857701","8577","19647330124412","Sonia Sotomayor Learning Academies Los Angeles River School","2017-2018","57","11","0.192982"
"1858001","8580","19647331930387","Central Continuation High","2017-2018","101","25","0.247525"
"1846201","8462","19647336058341","Virgil Middle School","2017-2018","300","80","0.266667"
"1864301","8643","19647331933043","Benjamin Franklin High School","2017-2018","158","30","0.189873"
"1820801","8208","19647336058085","Thomas Starr King Middle School Magnet: Film and Media","2017-2018","157","67","0.426752"
"1871001","8710","19647330127803","Early College Academy - LA Trade Tech College","2017-2018","44","9","0.204545"
"1871401","8714","19647331934371","Thomas Jefferson Senior High","2017-2018","212","22","0.103774"
"1871601","8716","19647330109447","Santee Education Complex","2017-2018","517","44","0.085106"
"1873801","8738","19647331932888","Downtown Business Magnet","2017-2018","43","18","0.418605"
"1874301","8743","19647331935519","Manual Arts Senior High","2017-2018","424","31","0.073113"
"1874801","8748","19647330114850","West Adams Preparatory Senior High","2017-2018","462","59","0.127706"
"1875001","8750","19647331935568","John Marshall Senior High","2017-2018","210","31","0.147619"
"1877401","8774","19647330112870","Miguel Contreras Learning Complex - LA Sch of Global Studies","2017-2018","86","6","0.069767"
"1877701","8777","19647330110668","Frida Kahlo Continuation High","2017-2018","19","7","0.368421"
"1885301","8853","19647330106997","Orthopaedic Hospital Senior High Medical Magnet","2017-2018","45","13","0.288889"
"1861401","8614","19647331932540","Eagle Rock High School","2017-2018","143","19","0.132867"
"1805801","8058","19647330114199","John H Liechty Middle School","2017-2018","344","68","0.197674"
"1761401","7614","19647330129585","Nava College Preparatory Academy","2017-2018","107","8","0.074766"
"1765401","7654","19647336019889","West Vernon Avenue Elementary","2017-2018","473","105","0.221987"
"1770701","7707","19647330124420","Sonia Sotomayor Learning Academies History and Dramatic Arts","2017-2018","51","9","0.176471"
"1772201","7722","19647330124479","Dr Maya Angelou Community Senior High","2017-2018","345","30","0.086957"
"1777101","7771","19647330121095","RFK Comm Schls - Ambassador School - Global Leadership","2017-2018","204","47","0.230392"
"1778001","7780","19647330119693","RFK Comm Schls - UCLA Community School K-12","2017-2018","356","97","0.272472"
"1778301","7783","19647330119685","RFK Comm Schls - New Open World Academy K-12","2017-2018","493","91","0.184584"
"1795901","7959","19647336020069","Yorkdale Elementary","2017-2018","48","16","0.333333"
"1800901","8009","19647336057855","John Adams Middle School","2017-2018","233","43","0.184549"
"1850101","8501","19647330117747","RFK Comm Schls - Los Angeles High School of the Arts","2017-2018","107","17","0.158879"
"1805701","8057","19647336061402","Berendo Middle School","2017-2018","233","85","0.364807"
"1201401","2014","19647336015705","Albion Street Elementary","2017-2018","109","20","0.183486"
"1806201","8062","19647330112011","William Jefferson Clinton Middle School","2017-2018","278","80","0.28777"
"1806401","8064","19647330119735","Young Oak Kim Academy","2017-2018","264","63","0.238636"
"1806601","8066","19647336057897","Luther Burbank Middle School","2017-2018","121","43","0.355372"
"1807001","8070","19647330124446","Dr Julian Nava Learning Academy - School of Arts & Culture","2017-2018","150","52","0.346667"
"1809401","8094","19647336057921","George Washington Carver Middle School","2017-2018","296","61","0.206081"
"1813201","8132","19647336061451","Foshay Learning Center","2017-2018","274","53","0.193431"
"1818901","8189","19647336058077","Washington Irving Middle School Math Music Engineering Mag","2017-2018","111","22","0.198198"
"1820001","8200","19647336115794","Los Angeles Academy Middle School","2017-2018","354","58","0.163842"
"1820601","8206","19647330117762","RFK Comm Schls - School for Visual Arts and Humanities","2017-2018","116","19","0.163793"
"1820701","8207","19647330117721","Miguel Contreras Learning Complex - Acdemic Ldrshp Community","2017-2018","137","4","0.029197"
"1804501","8045","19647330119701","Sal Castro Middle School","2017-2018","91","15","0.164835"
"1450701","4507","19647336017545","Heliotrope Avenue Elementary","2017-2018","277","55","0.198556"
"1383601","3836","19647336017099","1st Street Elementary","2017-2018","273","54","0.197802"
"1384901","3849","19647336089700","Fishburn Avenue Elementary","2017-2018","227","57","0.251101"
"1389001","3890","19647336017123","Florence Avenue Elementary","2017-2018","283","34","0.120141"
"1391801","3918","19647336017131","Ford Boulevard Elementary","2017-2018","396","114","0.287879"
"1397301","3973","19647336017164","4th Street Elementary","2017-2018","188","53","0.281915"
"1397401","3974","19647330133744","4th Street Primary Center","2017-2018","139","9","0.064748"
"1409601","4096","19647336017248","Gates Street Elementary","2017-2018","233","45","0.193133"
"1413701","4137","19647336017297","Glen Alta Elementary","2017-2018","36","7","0.194444"
"1430101","4301","19647336017396","Griffin Avenue Elementary","2017-2018","210","50","0.238095"
"1899101","8991","19647331996073","Tri-C Community Day School","2017-2018","59","5","0.084746"
"1443801","4438","19647336017487","Harrison Street Elementary","2017-2018","237","43","0.181435"
"1367101","3671","19647336016968","Euclid Avenue Elementary","2017-2018","276","77","0.278986"
"1453401","4534","19647336017594","Hillside Elementary","2017-2018","64","12","0.1875"
"1456201","4562","19647336017610","Holmes Avenue Elementary","2017-2018","119","17","0.142857"
"1461601","4616","19647336017651","Humphreys Avenue Elementary","2017-2018","243","74","0.304527"
"1463001","4630","19647336017669","Huntington Drive Elementary","2017-2018","141","32","0.22695"
"1464001","4640","19647336110977","Walnut Park Elementary","2017-2018","230","71","0.308696"
"1464101","4641","19647336112411","San Antonio Elementary","2017-2018","244","49","0.20082"
"1464201","4642","19647330109322","Pacific Boulevard School","2017-2018","231","23","0.099567"
"1469601","4696","19647336071443","Robert F Kennedy Elementary","2017-2018","135","23","0.17037"
"1476701","4767","19647336018931","Robert Hill Lane Elementary","2017-2018","63","21","0.333333"
"1479501","4795","19647336017800","Latona Avenue Elementary","2017-2018","48","13","0.270833"
"1435601","4356","19647336017446","William R Anton Elementary","2017-2018","253","49","0.193676"
"1258901","2589","19647336016158","Bryson Avenue Elementary","2017-2018","78","26","0.333333"
"1735601","7356","19647336019624","Union Avenue Elementary","2017-2018","604","179","0.296358"
"1213701","2137","19647336015812","Ann Street Elementary","2017-2018","50","11","0.22"
"1230901","2309","19647330126409","Willow Elementary","2017-2018","179","37","0.206704"
"1237201","2372","19647336118186","Ellen Ochoa Learning Center","2017-2018","455","115","0.252747"
"1237501","2375","19647336107411","Teresa P Hughes Elementary","2017-2018","265","78","0.29434"
"1237801","2378","19647336110274","Nueva Vista Elementary","2017-2018","296","57","0.192568"
"1238101","2381","19647330109363","Maywood Elementary School","2017-2018","169","32","0.189349"
"1239101","2391","19647330111997","Huntington Park Elementary","2017-2018","207","69","0.333333"
"1239701","2397","19647336016018","Belvedere Elementary","2017-2018","384","72","0.1875"
"1249301","2493","19647336016075","Breed Street Elementary","2017-2018","193","31","0.160622"
"1374001","3740","19647336017008","Farmdale Elementary","2017-2018","169","25","0.147929"
"1256201","2562","19647336016141","Brooklyn Avenue Elementary","2017-2018","176","48","0.272727"
"1369901","3699","19647336016976","Evergreen Avenue Elementary","2017-2018","297","78","0.262626"
"1309601","3096","19647336016505","City Terrace Elementary","2017-2018","98","24","0.244898"
"1321001","3210","19647330109413","Madison Elementary","2017-2018","206","54","0.262136"
"1321901","3219","19647336016620","Corona Avenue Elementary","2017-2018","332","110","0.331325"
"1322001","3220","19647330109207","Martha Escutia Primary Center","2017-2018","125","3","0.024"
"1331501","3315","19647336016679","Christopher Dena Elementary","2017-2018","214","83","0.38785"
"1342601","3426","19647330109223","Carmen Lomas Garza Primary Center","2017-2018","74","13","0.175676"
"1352101","3521","19647336016844","Eastman Avenue Elementary","2017-2018","433","89","0.205543"
"1354801","3548","19647336016885","Elizabeth Learning Center","2017-2018","492","100","0.203252"
"1356201","3562","19647336016877","El Sereno Elementary","2017-2018","103","27","0.262136"
"1195301","1953","19647336060545","Alfonso B Perez Special Education Center","2017-2018","244","0","0"
"1252101","2521","19647336016091","Bridge Street Elementary","2017-2018","87","14","0.16092"
"1324701","3247","19647336016638","Betty Plasencia Elementary","2017-2018","258","53","0.205426"
"1254401","2544","19647336120810","MacArthur Park Elementary Visual and Performing Arts","2017-2018","369","62","0.168022"
"1260301","2603","19647336016166","Buchanan Street Elementary","2017-2018","106","18","0.169811"
"1267101","2671","19647336016216","Bushnell Way Elementary","2017-2018","65","18","0.276923"
"1269901","2699","19647336016232","Cahuenga Elementary","2017-2018","227","54","0.237885"
"1270101","2701","19647330111989","Charles H Kim Elementary School","2017-2018","363","111","0.305785"
"1286301","2863","19647336016380","Castelar Street Elementary","2017-2018","277","61","0.220217"
"1294201","2942","19647330122119","Estrella Elementary","2017-2018","238","50","0.210084"
"1294301","2943","19647330122127","Quincy Jones Elementary","2017-2018","193","47","0.243523"
"1294401","2944","19647330122135","Dolores Huerta Elementary School","2017-2018","250","39","0.156"
"1412301","4123","19647336017271","Glassell Park Elementary","2017-2018","143","29","0.202797"
"1319201","3192","19647336016604","Commonwealth Avenue Elementary","2017-2018","312","75","0.240385"
"1239301","2393","19647330109199","Lake Street Primary School","2017-2018","115","0","0"
"1332901","3329","19647336016687","Dahlia Heights Elementary","2017-2018","15","2","0.133333"
"1335601","3356","19647336016711","Dayton Heights Elementary","2017-2018","209","37","0.177033"
"1339701","3397","19647336016745","Delevan Drive Elementary","2017-2018","54","5","0.092593"
"1347901","3479","19647336016802","Dorris Place Elementary","2017-2018","73","13","0.178082"
"1350701","3507","19647336016836","Eagle Rock Elementary","2017-2018","88","15","0.170455"
"1357501","3575","19647336016893","Elysian Heights Elementary","2017-2018","55","7","0.127273"
"1387701","3877","19647336017115","Fletcher Drive Elementary","2017-2018","166","29","0.174699"
"1393201","3932","19647336017149","49th Street Elementary","2017-2018","398","72","0.180905"
"1398601","3986","19647336017172","Franklin Avenue Elementary","2017-2018","49","13","0.265306"
"1758901","7589","19647336019814","Wadsworth Avenue Elementary","2017-2018","446","114","0.255605"
"1311001","3110","19647336016513","Clifford Street Math & Technology Magnet","2017-2018","28","10","0.357143"
"1223301","2233","19647336015895","Atwater Avenue Elementary","2017-2018","87","21","0.241379"
"1880101","8801","19647331996115","City of Angels Independent Studies","2017-2018","106","37","0.349057"
"1191401","1914","19647331939784","Joseph Pomeroy Widney Career Preparatory & Transition Center","2017-2018","192","0","0"
"1191801","1918","19647331930619","Harold McAlister High School CYESIS","2017-2018","29","4","0.137931"
"1191901","1919","19647331931658","Frank Lanterman High School","2017-2018","77","0","0"
"1195501","1955","19647336060586","Sophia T Salvin Special Education Center","2017-2018","68","0","0"
"1202701","2027","19647336015713","Aldama Elementary","2017-2018","181","27","0.149171"
"1204101","2041","19647336015721","Alexandria Avenue Elementary","2017-2018","404","60","0.148515"
"1206801","2068","19647336015739","Allesandro Elementary","2017-2018","98","32","0.326531"
"1213401","2134","19647330127829","Studio School","2017-2018","46","28","0.608696"
"1215101","2151","19647336015838","Annandale Elementary","2017-2018","57","12","0.210526"
"1254301","2543","19647336119093","Lafayette Park Primary Center","2017-2018","77","1","0.012987"
"1221901","2219","19647336015887","Ascot Avenue Elementary","2017-2018","436","94","0.215596"
"1254201","2542","19647330106948","Charles White Elementary School","2017-2018","218","44","0.201835"
"1230701","2307","19647330128710","Dr Sammy Lee Elementary Medical and Health Science Magnet","2017-2018","251","78","0.310757"
"1230801","2308","19647330126375","Sally Ride Elementary: A Smart Academy","2017-2018","347","61","0.175793"
"1231101","2311","19647330126417","Marguerite Poindexter LaMotte Elementary","2017-2018","322","56","0.173913"
"1236901","2369","19647330121103","RFK Comm Schls - Ambassador School - Global Education","2017-2018","210","50","0.238095"
"1238301","2383","19647336110969","Esperanza Elementary","2017-2018","602","110","0.182724"
"1238401","2384","19647336110266","Leo Politi Elementary","2017-2018","456","102","0.223684"
"1238501","2385","19647336113419","Gratts Learning Academy for Young Scholars (GLAYS)","2017-2018","362","120","0.331492"
"1238601","2386","19647330111971","Frank Del Olmo Elementary","2017-2018","478","93","0.194561"
"1239201","2392","19647330109181","Olympic Primary Center","2017-2018","162","0","0"
"1416401","4164","19647336017305","Glenfeliz Boulevard Elementary","2017-2018","60","15","0.25"
"1217801","2178","19647336015853","Aragon Avenue Elementary","2017-2018","148","34","0.22973"
"1686801","6868","19647330122416","Barack Obama Global Preparation Academy","2017-2018","167","11","0.065868"
"1538501","5385","19647330101618","Richard Riordan Primary Center","2017-2018","96","11","0.114583"
"1541101","5411","19647336018246","Mount Washington Elementary","2017-2018","9","*","*"
"1546601","5466","19647336018303","Nevin Avenue Elementary","2017-2018","379","79","0.208443"
"1550501","5505","19647336104814","9th Street Elementary","2017-2018","177","44","0.248588"
"1563001","5630","19647336018410","Normandie Avenue Elementary","2017-2018","384","54","0.140625"
"1569901","5699","19647336018436","Norwood Street Elementary","2017-2018","251","37","0.14741"
"1632901","6329","19647336018949","Rockdale Visual & Performing Arts Magnet","2017-2018","33","6","0.181818"
"1637001","6370","19647336018972","Rosemont Avenue Elementary","2017-2018","161","42","0.26087"
"1649301","6493","19647336019046","San Pascual Avenue Elementary STEAM","2017-2018","77","16","0.207792"
"1408201","4082","19647336017230","Garvanza Elementary","2017-2018","104","29","0.278846"
"1653401","6534","19647336019061","Martin Luther King Jr Elementary","2017-2018","185","31","0.167568"
"1524701","5247","19647336018139","Menlo Avenue Elementary","2017-2018","238","35","0.147059"
"1708201","7082","19647336019459","10th Street Elementary","2017-2018","407","155","0.380835"
"1713701","7137","19647336019475","32nd Street USC Performing Arts Magnet","2017-2018","114","42","0.368421"
"1715101","7151","19647336019483","Lenicia B Weemes Elementary","2017-2018","248","31","0.125"
"1717801","7178","19647336019509","Toland Way Elementary","2017-2018","66","21","0.318182"
"1721901","7219","19647336019558","Trinity Street Elementary","2017-2018","171","27","0.157895"
"1722001","7220","19647330106922","Maple Primary Center","2017-2018","151","7","0.046358"
"1727401","7274","19647336019582","20th Street Elementary","2017-2018","274","57","0.208029"
"1728801","7288","19647336019590","28th Street Elementary","2017-2018","470","87","0.185106"
"1730101","7301","19647336019608","24th Street Elementary","2017-2018","348","56","0.16092"
"1495901","4959","19647336017958","Loreto Street Elementary","2017-2018","159","48","0.301887"
"1650701","6507","19647336019053","San Pedro Street Elementary","2017-2018","427","99","0.23185"
"1498301","4983","19647330109256","Mariposa-Nabi Primary Center","2017-2018","128","23","0.179688"
"1432201","4322","19647331932896","Arroyo Seco Museum Science Magnet","2017-2018","100","33","0.33"
"1454801","4548","19647336017602","Hobart Boulevard Elementary","2017-2018","405","79","0.195062"
"1457501","4575","19647336017628","Hooper Avenue Elementary","2017-2018","504","79","0.156746"
"1457601","4576","19647330109249","Hooper Avenue Primary Center","2017-2018","185","3","0.016216"
"1458901","4589","19647336017636","Hoover Street Elementary","2017-2018","516","116","0.224806"
"1467101","4671","19647336017685","Ivanhoe Elementary","2017-2018","9","*","*"
"1468001","4680","19647330109330","Ricardo Lizarraga Elementary","2017-2018","411","106","0.257908"
"1468101","4681","19647330106955","Harmony Elementary School","2017-2018","305","26","0.085246"
"1468501","4685","19647330109348","Aurora Elementary","2017-2018","186","30","0.16129"
"1489001","4890","19647336017909","Lockwood Avenue Elementary","2017-2018","169","33","0.195266"
"1538401","5384","19647336018212","Monte Vista Street Elementary","2017-2018","128","38","0.296875"
"1498201","4982","19647336111512","Los Angeles Elementary","2017-2018","340","90","0.264706"
"1528801","5288","19647336018154","Micheltorena Street Elementary","2017-2018","52","10","0.192308"
"1498601","4986","19647336017974","Los Feliz Science/Tech/Engineer/Math/Medicine Magnet","2017-2018","128","46","0.359375"
"1505501","5055","19647336017990","Magnolia Avenue Elementary","2017-2018","574","138","0.240418"
"1506801","5068","19647336018006","Main Street Elementary","2017-2018","511","115","0.225049"
"1511101","5111","19647330102491","Dr Theodore T Alexander Jr Science Center School","2017-2018","158","56","0.35443"
"1511201","5112","19647330117028","Dr James Edward Jones Primary Center","2017-2018","115","9","0.078261"
"1511301","5113","19647330109355","John W Mack Elementary","2017-2018","190","40","0.210526"
"1517001","5170","19647330109264","Lexington Avenue Primary Center","2017-2018","114","22","0.192982"
"1517301","5173","19647330124453","Dr Julian Nava Learning Academy - School of Business & Tech","2017-2018","122","33","0.270492"
"1520501","5205","19647336018097","Mayberry Street Elementary","2017-2018","86","12","0.139535"
"1747901","7479","19647336019731","Vermont Avenue Elementary","2017-2018","313","72","0.230032"
"1490401","4904","19647336017917","Logan Academy of Global Ecology","2017-2018","141","25","0.177305"
"1669901","6699","19647336019186","Sherman Oaks Elementary Charter School","2017-2018","63","19","0.301587"
"1591801","5918","19647336018626","Oxnard Street Elementary","2017-2018","201","36","0.179104"
"1606801","6068","19647336018717","Pinewood Avenue Elementary","2017-2018","113","19","0.168142"
"1609601","6096","19647336018725","Plainview Academic Charter Academy","2017-2018","85","10","0.117647"
"1619201","6192","19647336018832","Ranchito Avenue Elementary","2017-2018","225","45","0.2"
"1628801","6288","19647336018907","Rio Vista Elementary","2017-2018","35","4","0.114286"
"1631501","6315","19647336018923","Riverside Drive Charter School","2017-2018","85","25","0.294118"
"1635601","6356","19647336018956","Roscoe Elementary","2017-2018","268","42","0.156716"
"1645201","6452","19647336019012","San Fernando Elementary","2017-2018","210","61","0.290476"
"1650101","6501","19647330125971","San Fernando MS Institute of Applied Media (SFIAM)","2017-2018","92","35","0.380435"
"1740101","7401","19647330122218","Andres & Maria Cardenas Elementary","2017-2018","269","49","0.182156"
"1666501","6665","19647336019152","Sharp Avenue Elementary","2017-2018","320","77","0.240625"
"1560301","5603","19647336018394","Noble Avenue Elementary","2017-2018","477","89","0.186583"
"1694501","6945","19647336019343","Stonehurst Avenue Elementary","2017-2018","75","13","0.173333"
"1695901","6959","19647336019368","Strathern Street Elementary","2017-2018","223","73","0.327354"
"1697301","6973","19647336019376","Sunland Elementary","2017-2018","78","8","0.102564"
"1701401","7014","19647336019400","Sylmar Elementary","2017-2018","216","37","0.171296"
"1702701","7027","19647336019418","Sylvan Park Elementary","2017-2018","479","80","0.167015"
"1706801","7068","19647336019442","Telfair Avenue Elementary","2017-2018","373","65","0.174263"
"1719201","7192","19647336019517","Toluca Lake Elementary","2017-2018","42","21","0.5"
"1738401","7384","19647336019640","Valerio Street Elementary","2017-2018","445","89","0.2"
"1739901","7399","19647330122192","Julie Korenstein Elementary","2017-2018","251","60","0.239044"
"1343801","3438","19647336016778","Dixie Canyon Community Charter","2017-2018","53","12","0.226415"
"1656501","6565","19647336019087","Saticoy Elementary","2017-2018","223","50","0.224215"
"1449301","4493","19647336017537","Hazeltine Avenue Elementary","2017-2018","377","78","0.206897"
"1487701","4877","19647336017875","Lillian Street Elementary","2017-2018","222","62","0.279279"
"1354101","3541","19647336016851","El Dorado Avenue Elementary","2017-2018","259","42","0.162162"
"1357401","3574","19647330109397","Maurice Sendak Elementary","2017-2018","294","34","0.115646"
"1357701","3577","19647330106914","Bellingham Elementary","2017-2018","316","72","0.227848"
"1363001","3630","19647336016943","Erwin Elementary","2017-2018","267","53","0.198502"
"1371201","3712","19647336016984","Fair Avenue Elementary","2017-2018","285","102","0.357895"
"1375301","3753","19647336017024","Fernangeles Elementary","2017-2018","338","98","0.289941"
"1382901","3829","19647336017081","Hillery T Broadous Elementary","2017-2018","332","46","0.138554"
"1419201","4192","19647336017313","Glenwood Elementary","2017-2018","162","25","0.154321"
"1429501","4295","19647336017388","Gridley Street Elementary","2017-2018","215","45","0.209302"
"1589401","5894","19647336018592","Osceola Street Elementary","2017-2018","93","19","0.204301"
"1443101","4431","19647336017479","Harding Street Elementary","2017-2018","83","7","0.084337"
"1572601","5726","19647336018444","O'Melveny Elementary","2017-2018","202","42","0.207921"
"1451501","4515","19647336017552","Herrick Avenue Elementary","2017-2018","224","50","0.223214"
"1460301","4603","19647336017644","Hubbard Street Elementary","2017-2018","152","49","0.322368"
"1472601","4726","19647336017727","Kester Avenue Elementary","2017-2018","134","40","0.298507"
"1476001","4760","19647336017735","Kittridge Street Elementary","2017-2018","429","88","0.205128"
"1478101","4781","19647336017784","Lankershim Elementary","2017-2018","161","15","0.093168"
"1501601","5016","19647336110951","Sara Coughlin Elementary School","2017-2018","307","71","0.23127"
"1534201","5342","19647336018196","John B Monlux Elementary","2017-2018","198","44","0.222222"
"1539701","5397","19647336018220","Morningside Elementary","2017-2018","157","40","0.254777"
"1540401","5404","19647336018238","Mountain View Elementary","2017-2018","86","28","0.325581"
"1740801","7408","19647330126599","Sylmar Leadership Academy","2017-2018","171","40","0.233918"
"1432901","4329","19647336017412","Haddon Avenue Elementary","2017-2018","362","74","0.20442"
"1884501","8845","19647331931484","Mission Continuation High","2017-2018","14","2","0.142857"
"1860701","8607","19647330112037","East Valley Senior High","2017-2018","155","24","0.154839"
"1860901","8609","19647330112045","Arleta Senior High","2017-2018","205","34","0.165854"
"1861001","8610","19647330112052","Panorama Senior High","2017-2018","353","37","0.104816"
"1861201","8612","19647330109512","Cal Burke High School","2017-2018","38","5","0.131579"
"1863601","8636","19647331932987","John H Francis Polytechnic Senior High","2017-2018","394","64","0.162437"
"1863801","8638","19647331931435","Robert H Lewis Continuation High","2017-2018","12","4","0.333333"
"1868301","8683","19647331933795","Ulysses S Grant Senior High","2017-2018","287","41","0.142857"
"1868501","8685","19647331931450","Jack London Continuation High","2017-2018","13","4","0.307692"
"1878601","8786","19647331936350","North Hollywood Senior High","2017-2018","246","45","0.182927"
"1740001","7400","19647330122200","Vista del Valle Dual Language Academy","2017-2018","190","33","0.173684"
"1884301","8843","19647331937622","San Fernando Senior High","2017-2018","278","62","0.223022"
"1835801","8358","19647336058283","San Fernando Middle School","2017-2018","210","56","0.266667"
"1887601","8876","19647331932342","Evergreen Continuation High","2017-2018","20","3","0.15"
"1887801","8878","19647331938554","Sylmar Charter High School","2017-2018","214","34","0.158879"
"1889301","8893","19647331938968","Van Nuys Senior High","2017-2018","384","59","0.153646"
"1889501","8895","19647331931534","Will Rogers Continuation High","2017-2018","29","6","0.206897"
"1890101","8901","19647330124404","Cesar E Chavez Learning Academy - Technology Preparatory Aca","2017-2018","81","8","0.098765"
"1891401","8914","19647331939107","Verdugo Hills Senior High","2017-2018","124","30","0.241935"
"1891601","8916","19647331930791","Mount Lukens Continuation High","2017-2018","2","*","*"
"1190801","1908","19647331931633","Diane S Leichman Career Preparatory & Transition Center","2017-2018","78","0","0"
"1191001","1910","19647331935717","Joaquin Miller Career and Transition Center","2017-2018","148","0","0"
"1194701","1947","19647336060578","Sven Lokrantz Special Education Center","2017-2018","19","0","0"
"1878801","8788","19647331931377","Amelia Earhart Continuation High School","2017-2018","15","3","0.2"
"1811601","8116","19647330117044","Roy Romer Middle School","2017-2018","283","81","0.286219"
"1743201","7432","19647336120679","Columbus Avenue Elementary","2017-2018","267","52","0.194757"
"1743801","7438","19647336019699","Van Nuys Elementary","2017-2018","408","82","0.20098"
"1746601","7466","19647336019723","Vena Avenue Elementary","2017-2018","100","28","0.28"
"1752101","7521","19647336019764","Victory Boulevard Elementary","2017-2018","251","47","0.187251"
"1754801","7548","19647336019780","Vinedale Elementary","2017-2018","49","19","0.387755"
"1765801","7658","19647330130997","Sylmar Biotech Health Academy","2017-2018","26","3","0.115385"
"1771501","7715","19647330124370","Cesar E Chavez Learning Academy - Arts/Theatre/Entertain Mag","2017-2018","36","8","0.222222"
"1771601","7716","19647330124388","Cesar E Chavez Learning Academy - Social Jst Humanitas Acad","2017-2018","50","9","0.18"
"1771701","7717","19647330124396","Cesar E Chavez Learning Academy - Academy of Sci Exploration","2017-2018","51","10","0.196078"
"1808001","8080","19647336057905","Richard E Byrd Middle School","2017-2018","239","75","0.313808"
"1843401","8434","19647336058333","Van Nuys Middle School","2017-2018","238","66","0.277311"
"1809301","8093","19647330119651","Sun Valley Senior High","2017-2018","141","20","0.141844"
"1839601","8396","19647336061600","Sun Valley Magnet: Engineering Technology","2017-2018","388","96","0.247423"
"1811701","8117","19647330106971","Vista Middle School","2017-2018","413","110","0.266344"
"1814201","8142","19647336058002","Robert Fulton College Preparatory School","2017-2018","406","76","0.187192"
"1822801","8228","19647336058101","Charles Maclay Middle School","2017-2018","185","48","0.259459"
"1823001","8230","19647336061519","James Madison Middle School","2017-2018","412","126","0.305825"
"1823801","8238","19647336058150","Robert A Millikan Affiliated Charter and Performing Arts MS","2017-2018","110","45","0.409091"
"1824001","8240","19647336058168","Mount Gleason Middle School","2017-2018","114","34","0.298246"
"1830601","8306","19647336061550","Olive Vista Middle School","2017-2018","217","58","0.267281"
"1832101","8321","19647336058218","Pacoima Middle School","2017-2018","189","46","0.243386"
"1835501","8355","19647336062699","Walter Reed Middle School","2017-2018","137","40","0.291971"
"1316401","3164","19647336016562","Colfax Charter Elementary","2017-2018","33","17","0.515152"
"1809201","8092","19647330116954","Jack London Community Day School","2017-2018","9","*","*"
"1761501","7615","19647330129536","Boyle Heights Science Tech Engin Math High School","2017-2018","39","4","0.102564"
"1688001","6880","19647336114722","Independence Elementary","2017-2018","206","70","0.339806"
"1688401","6884","19647330126391","Lucille Roybal-Allard Elementary","2017-2018","212","36","0.169811"
"1690401","6904","19647336019327","Stanford Avenue Elementary","2017-2018","183","54","0.295082"
"1690501","6905","19647330106930","Stanford Avenue Primary Center","2017-2018","105","4","0.038095"
"1691801","6918","19647336019335","State Street Elementary","2017-2018","229","60","0.262009"
"1692001","6920","19647330109421","Hope Street Elementary","2017-2018","226","47","0.207965"
"1698801","6988","19647336104822","Sunrise Elementary","2017-2018","171","23","0.134503"
"1726001","7260","19647336019574","Tweedy Elementary","2017-2018","200","42","0.21"
"1737001","7370","19647336019632","Utah Street Elementary","2017-2018","142","38","0.267606"
"1777501","7775","19647330122358","Esteban Torres HS - Humanitas Academy of Art & Technology","2017-2018","73","11","0.150685"
"1750701","7507","19647336019756","Victoria Avenue Elementary","2017-2018","142","35","0.246479"
"1687301","6873","19647330122168","Jaime Escalante Elementary School","2017-2018","290","66","0.227586"
"1764001","7640","19647330109439","Cesar Chavez Elementary School","2017-2018","82","17","0.207317"
"1766401","7664","19647330126557","Legacy Senior High Visual and Performing Arts","2017-2018","45","6","0.133333"
"1766901","7669","19647330126532","Linda Esperanza Marquez Senior High Social Justice","2017-2018","104","43","0.413462"
"1772501","7725","19647330126524","Linda Esperanza Marquez Senior High Libra Academy","2017-2018","70","12","0.171429"
"1774901","7749","19647331937424","Theodore Roosevelt Senior High","2017-2018","333","51","0.153153"
"1775001","7750","19647330122275","Environmental / Social Policy Magnet","2017-2018","34","0","0"
"1775101","7751","19647330122333","Roosevelt Senior High Math/Science Magnet","2017-2018","16","5","0.3125"
"1775201","7752","19647330126474","Hilda L Solis Learning Academy","2017-2018","56","5","0.089286"
"1777201","7772","19647330122374","Esteban Torres HS - East Los Angeles Renaissance Academy","2017-2018","78","14","0.179487"
"1349301","3493","19647336016828","Dyer Street Elementary","2017-2018","273","76","0.278388"
"1749301","7493","19647336019749","Vernon City Elementary","2017-2018","109","26","0.238532"
"1627401","6274","19647336018881","Morris K Hamasaki Elementary","2017-2018","126","11","0.087302"
"1211001","2110","19647336015770","Anatola Avenue Elementary","2017-2018","176","27","0.153409"
"1508201","5082","19647336018014","Malabar Street Elementary","2017-2018","302","87","0.288079"
"1513701","5137","19647336018055","Marianna Avenue Elementary","2017-2018","116","34","0.293103"
"1515301","5153","19647330122390","Orchard Academies 2B","2017-2018","104","21","0.201923"
"1515401","5154","19647330122408","Orchard Academies 2C","2017-2018","103","24","0.23301"
"1519301","5193","19647330126466","Walnut Park Middle School - Sci Tech Eng and Math Academy","2017-2018","86","18","0.209302"
"1530101","5301","19647336018162","Middleton Street Elementary","2017-2018","445","109","0.244944"
"1530201","5302","19647330109272","Middleton Street Primary Center","2017-2018","179","6","0.03352"
"1531501","5315","19647336018170","Miles Avenue Elementary","2017-2018","466","129","0.276824"
"1542501","5425","19647336018253","Multnomah Street Elementary","2017-2018","82","18","0.219512"
"1687801","6878","19647336107403","Montara Avenue Elementary","2017-2018","286","52","0.181818"
"1600501","6005","19647336018667","Park Avenue Elementary","2017-2018","228","43","0.188596"
"1687501","6875","19647336108641","San Miguel Elementary","2017-2018","308","55","0.178571"
"1642501","6425","19647336018998","Rowan Avenue Elementary","2017-2018","292","62","0.212329"
"1642601","6426","19647330109280","Amanecer Primary Center","2017-2018","123","20","0.162602"
"1646601","6466","19647336019020","San Gabriel Avenue Elementary","2017-2018","213","55","0.258216"
"1657501","6575","19647336019095","2nd Street Elementary","2017-2018","152","24","0.157895"
"1668501","6685","19647336019178","Sheridan Street Elementary","2017-2018","413","114","0.276029"
"1675301","6753","19647336019210","Sierra Park Elementary","2017-2018","75","19","0.253333"
"1676701","6767","19647336019228","Sierra Vista Elementary","2017-2018","51","15","0.294118"
"1683601","6836","19647336019277","Solano Avenue Elementary","2017-2018","37","6","0.162162"
"1684901","6849","19647336019285","Soto Street Elementary","2017-2018","84","10","0.119048"
"1777701","7777","19647330122366","Esteban Torres HS - Social Justice Leadership Academy","2017-2018","67","6","0.089552"
"1543801","5438","19647336018261","Murchison Street Elementary","2017-2018","154","19","0.123377"
"1220501","2205","19647336015879","Arminta Street Elementary","2017-2018","183","35","0.191257"
"1875701","8757","19647331931468","Metropolitan Continuation High","2017-2018","15","5","0.333333"
"1880701","8807","19647331937085","Ramona Opportunity High School","2017-2018","18","0","0"
"1883101","8831","19647331932821","Boyle Heights Continuation High","2017-2018","11","3","0.272727"
"1886601","8866","19647330126516","Linda Esperanza Marquez Senior High HPIAM","2017-2018","92","17","0.184783"
"1887101","8871","19647331938307","South Gate Senior High","2017-2018","343","64","0.186589"
"1887301","8873","19647331931997","Odyssey Continuation High","2017-2018","11","6","0.545455"
"1888101","8881","19647330109454","South East Senior High","2017-2018","318","42","0.132075"
"1888201","8882","19647330109462","Maywood Academy Senior High","2017-2018","240","40","0.166667"
"1892101","8921","19647330126540","Legacy Senior High Sci Tech Engineering Arts Math","2017-2018","51","10","0.196078"
"1777301","7773","19647330122382","Esteban Torres HS - Engineer & Technology Academy","2017-2018","73","7","0.09589"
"1216401","2164","19647336015846","Apperson Street Elementary","2017-2018","61","12","0.196721"
"1872901","8729","19647331935121","Abraham Lincoln Senior High","2017-2018","170","15","0.088235"
"1230201","2302","19647330126441","Michelle Obama Elementary School","2017-2018","534","123","0.230337"
"1232901","2329","19647336015978","Beachy Avenue Elementary","2017-2018","217","43","0.198157"
"1248601","2486","19647336016067","Brainard Elementary","2017-2018","27","6","0.222222"
"1263001","2630","19647336016182","Burbank Boulevard Elementary","2017-2018","97","25","0.257732"
"1265801","2658","19647336016208","Burton Street Elementary","2017-2018","210","52","0.247619"
"1272601","2726","19647336016273","Camellia Avenue Elementary","2017-2018","305","75","0.245902"
"1278101","2781","19647336016315","Canterbury Avenue Elementary","2017-2018","232","70","0.301724"
"1282201","2822","19647336016356","Carpenter Community Charter","2017-2018","23","10","0.434783"
"1295901","2959","19647336016422","Chandler Learning Academy","2017-2018","57","17","0.298246"
"1315101","3151","19647336016554","Coldwater Canyon Elementary","2017-2018","361","100","0.277008"
"1194801","1948","19647336060461","Charles Leroy Lowman Special Education Center","2017-2018","105","0","0"
"1853601","8536","19647331930866","Bell Senior High","2017-2018","408","81","0.198529"
"1790401","7904","19647336020051","Woodlawn Avenue Elementary","2017-2018","286","71","0.248252"
"1804701","8047","19647336057889","Belvedere Middle School","2017-2018","218","72","0.330275"
"1811801","8118","19647336068431","El Sereno Middle School","2017-2018","193","36","0.186528"
"1815101","8151","19647336061469","Henry T Gage Middle School","2017-2018","340","93","0.273529"
"1815301","8153","19647330106989","Southeast Middle School","2017-2018","192","44","0.229167"
"1816801","8168","19647336058036","Griffith Middle School STEAM Magnet","2017-2018","229","78","0.340611"
"1817901","8179","19647336058051","Hollenbeck Middle School","2017-2018","283","82","0.289753"
"1826401","8264","19647336058192","Florence Nightingale Middle School","2017-2018","147","33","0.22449"
"1826801","8268","19647336057939","Chester W Nimitz Middle School","2017-2018","306","87","0.284314"
"1837701","8377","19647336058309","South Gate Middle School","2017-2018","257","56","0.217899"
"1875401","8754","19647331995448","Francisco Bravo Senior High Medical Magnet","2017-2018","31","15","0.483871"
"1839001","8390","19647330126458","Walnut Park Middle School - Social Justice and Srvice Lrning","2017-2018","86","24","0.27907"
"1873101","8731","19647331930577","Pueblo De Los Angeles Continuation High","2017-2018","9","*","*"
"1860601","8606","19647330122341","Esteban Torres HS - East Los Angeles Performing Arts Magnet","2017-2018","51","5","0.098039"
"1861101","8611","19647330119966","Felicitas And Gonzalo Mendez Senior High","2017-2018","151","43","0.284768"
"1861801","8618","19647331939859","Woodrow Wilson Senior High","2017-2018","165","35","0.212121"
"1867701","8677","19647331931989","Monterey Continuation High","2017-2018","10","*","*"
"1867901","8679","19647331933381","James A Garfield Senior High","2017-2018","250","45","0.18"
"1870001","8700","19647331934157","Huntington Park Senior High","2017-2018","310","50","0.16129"
"1870101","8701","19647330107011","International Studies Learning Center","2017-2018","61","19","0.311475"
"1870201","8702","19647331930551","San Antonio Continuation High","2017-2018","39","4","0.102564"
"1872301","8723","19647331930973","Simon Rodia Continuation High","2017-2018","19","8","0.421053"
"1494501","4945","19647336017941","Lorena Street Elementary","2017-2018","201","40","0.199005"
"1838701","8387","19647336058317","Robert Louis Stevenson Middle School","2017-2018","258","76","0.294574"
"NA","NA","19647330000000","Los Angeles Unified School District","2017-2018","132096","27268","0.206426"
